item,itemLabel,position,positionLabel,startDate,endDate,source,sourceDate,psid
Q105159427,Ri Song Hak,Q24863173,Vice-Premier,2021-01-18,,339,,Q105159427-B91EEE76-C6C2-4BCD-BA99-57B9A52E0198
Q105706437,Jon Hyon Chol,Q24863173,Vice-Premier,2021-01-18,,339,,Q105706437-808647A3-D191-4CBD-A83A-C5C2203D4B12
Q114088685,Col-Gen. Ri Chang Dae,Q114594459,Minister of State Security,2022-06,,339,,Q114088685-D1EA1944-3BA3-4855-8D94-CA910730BA40
Q114593868,Chae Song Hak,Q114593476,President of the Central Bank,2021-01-18,,339,,Q114593868-CDF49598-4035-4BC1-9C85-ED1667DD5769
Q114593869,Choe Kyong Chol,Q113947138,Minister of Public Health,2021-01-18,,339,,Q114593869-951C8B22-CFBD-4B2B-92B4-01B2AFE02B23
Q114593870,Im Kyong Jae,Q114593457,Minister of Urban Management,2021-01-18,,339,,Q114593870-71DF7032-759D-4DF4-8D81-AD24EE37DE67
Q114593871,Jang Chun Song,Q114593696,Minister of Railways,2021-01-18,,339,,Q114593871-52E42936-AA20-4AAC-848A-D3E148E96129
Q114593873,Jon Hak Chol,Q114593340,Minister of the Coal Industry,2021-01-18,,339,,Q114593873-5F1DB559-7C02-4C42-860D-408FF61182F9
Q114593874,Ju Chol Gyu,Q24863173,Vice-Premier,2021-01-18,,339,,Q114593874-63A99AA1-1E6C-4F5E-8544-3CC472FD263D
Q114593874,Ju Chol Gyu,Q114593691,Chairman of the Agricultural Commission,2021-01-18,,339,,Q114593874-6ABC8260-CD06-42D8-89E4-77D5511DFEA0
Q114593876,Lt-Gen. Kim Chung Song,Q113947341,Minister of Natural Resources Development,2021-01-18,,339,,Q114593876-A6BBE059-62D7-4069-B5D2-9AE3A1283401
Q114593877,Kim Song Ryong,Q24863173,Vice-Premier,2021-01-18,,339,,Q114593877-2325C7D8-E0A7-473F-B42A-B4A1C9514D4B
Q114593878,Kim Sung Jin,Q114593490,President of the State Academy of Sciences,2021-01-18,,339,,Q114593878-C0CF69A2-5ABA-449D-A411-4128D16246B9
Q114593879,Kim Yu Il,Q114593639,Minister of Electric Power Industry,2021-01-18,,339,,Q114593879-B4BF7CEA-953B-4806-BD6A-0A9A06D336B7
Q114593880,Ko Jong Bom,Q113947130,Minister of Finance,2021-01-18,,339,,Q114593880-7FE7DFA0-AFE5-4C0B-9FF3-2D5D390A4944
Q114593881,Ma Jong Son,Q114593315,Minister of Chemical Industry,2021-01-18,,339,,Q114593881-3437DC73-B428-4C27-B17F-D31C5590D76B
Q114593884,Ri Chol San,Q114593604,Director of the Central Bureau of Statistics,2021-01-18,,339,,Q114593884-75942FC5-EAF2-426E-BCFE-83033B26E697
Q114593885,Ri Hyok Gwon,Q113947301,Minister of State Construction Control,2021-01-18,,339,,Q114593885-2D570DE5-D2F9-45E0-9164-068D2122ECEA
Q114593886,So Jong Jin,Q113947161,Minister of Construction and Building-Materials Industries,2021-01-18,,339,,Q114593886-D340FA19-731C-4996-9F5D-7632B39FA983
Q114593887,Sung Jong Gyu,Q113947195,Minister of Culture,2021-01-18,,339,,Q114593887-05F6A8D1-E9A9-45EE-A197-B35BE5D434D1
Q114593888,Yun Jong Ho,Q113947137,Minister of External Economic Relations,2021-01-18,,339,,Q114593888-5BA43B83-D123-4A98-829C-8F6DFA76DF72
Q114594317,Kwak Jong Jun,Q114593358,Minister of Commerce,2022-06-10,,,,Q114594317-B175F43E-6673-4515-84EE-7DA2B8F64EE0
Q114594333,Ri Tu Il,Q114593575,Chairman of the State Commission of Science and Technology,2022-06-10,,339,,Q114594333-F6565D03-EB7F-40DE-94AF-C40C82F1A0C2
Q114594345,Pak Hyong Ryol,Q114593694,Minister of Food Industry,2022-06-10,,339,,Q114594345-B73EA98F-0F92-4D14-A925-61527FD40319
Q114594370,Jin Kum Song,Q113947249,Minister of Labour,2021-01-18,,339,,Q114594370-B501A1F4-5672-4C48-9873-1572A1686C39
Q114595445,Jon Sung Guk,Q24863173,Vice-Premier,2022-06-10,,339,,Q114595445-595f6a2e-468d-6dad-a3cf-1f3159999c71
Q114595747,Kim Sung Chan,Q114593402,Minister of Higher Education,2021-06,,339,,Q114595747-54A097A6-1945-45CB-93DE-D17008B9EE98
Q114595858,Kim Jong Nam,Q114593420,Minister of Machine-building Industry,2020-04,,339,,Q114595858-e8300236-492e-d341-6c59-5e4a27722274
Q12594419,Vice-Marshal Ri Yong Gil,Q114595547,Minister of National Defence,2021-09-29,,339,,Q12594419-80E54E38-2678-44C2-8F09-01E47312BC98
Q12597103,Pak Jong Gun,Q24863173,Vice-Premier,2021-01-18,,339,,Q12597103-3A09C698-45A2-4060-8A6D-AFB330B9138F
Q12597103,Pak Jong Gun,Q114593584,Chairman of the State Planning Commission,2021-01-18,,339,,Q12597103-A4109B33-5583-4B7A-970B-C410BBCAB938
Q12616929,Jo Yong-chol,Q114593695,Minister of Local Industry,2021-01-18,,,,Q12616929-72DABAC8-03D8-47F1-BD88-35C3E6227A74
Q16179930,Kim Chung Gol,Q114593410,Minister of the Metallurgical Industry,2021-01-18,,339,,Q16179930-8A9667F1-66CC-46CB-B95B-691C325A9A11
Q16904817,Kang Jong Gwan,Q114593273,Minister of Land and Maritime Transport,2021-01-18,,339,,Q16904817-9D7F59A1-F923-48E0-8EEC-EE6E09FC7EEB
Q16907639,Kim Sung Du,Q114593549,Chairman of the Education Commission,2021-01-18,,339,,Q16907639-DD3F9813-98BF-4A0B-8AFF-4F3CA4147C02
Q21651765,Jang Kyong Il,Q113947277,Minister of Light Industry,2021-01-18,,339,,Q21651765-8C9E2919-5A1A-45E7-953D-BD0CCA913674
Q25035961,Kim Tok Hun,Q7240364,Premier,2020-08-13,,339,,Q25035961-6f0c8fcd-41d5-94c7-940a-868cf8570da2
Q30436217,Choe Son Hui,Q113470538,Minister of Foreign Affairs,2022-06-11,,339,,Q30436217-c277791f-4148-48de-0364-9dace1cecb32
Q39670004,Yu Chol U,Q114595990,Director of the National Aerospace Development Administration,2013,,339,,Q39670004-7aea2ba9-4baa-dc81-fa9c-4c2b340c0d43
Q55708195,Ri Son Gwon,Q114595975,Chairman of the Committee for the Peaceful Reunification of the Fatherland,2016,,339,,Q55708195-63b33fe8-4aec-fdca-ecf9-f036a61c2075
Q56818408,Kim Kyung Jun,Q114593268,Minister of Land and Environmental Protection,2021-01-18,,339,,Q56818408-28A9624C-0FE7-4116-9F11-7ACD2F12EC90
Q56818426,Kim Kum Chol,Q114593614,Secretary-General of the Cabinet,2021-01-18,,339,,Q56818426-1A3D6F4D-CD78-4A64-84C8-8347C87D8F91
Q56820402,Gen. Pak Su Il,Q114594510,Minister of Public Security,2022-06,,339,,Q56820402-2011924c-41ae-d3b5-d939-50651456b549
Q56820559,Pak Hun,Q24863173,Vice-Premier,2021-01-18,,339,,Q56820559-86A87183-29FA-4B55-A0E6-4E00EB01CBBA
Q57063516,Ko Kil-son,Q114593431,Minister of Crude Oil of North Korea,2013-04,,,,Q57063516-8BA78BAD-F550-4F32-9DE0-5EFE69C23A97
Q57064523,Kim Il Guk,Q114593684,Minister of Physical Culture and Sports,2021-01-18,,339,,Q57064523-DBC8F923-B2E3-4E17-8551-B719CFFAE1B4
Q57064533,Kim Jae-song,Q114593368,Minister of the Electronics Industry of North Korea,2021-01-18,,,,Q57064533-C91F07A1-A799-40FE-A629-A6003DDCDB44
Q57069172,Song Chun Sop,Q114593389,Minister of Fisheries,2021-01-18,,339,,Q57069172-02BC5D96-2139-42E8-B325-8F9926129C7B
Q57071116,Wang Chang Uk,Q113947153,Minister of the Nuclear Power Industry,2021-01-18,,339,,Q57071116-16BC6B43-871E-4B8E-91BE-89C7233E560C
Q57075870,Han Ryong Guk,Q113947226,Minister of Forestry,2021-01-18,,339,,Q57075870-49E017DB-456A-45B0-B041-A8F1C7E3B871
Q63773435,Kang Chol Gu,Q114593697,Minister of Shipbuilding,2021-01-18,,339,,Q63773435-57F10C86-B479-4F70-A955-53D824A12690
Q63774198,Kim Chol Su,Q114593665,Minister of the Mining Industry,2021-01-18,,339,,Q63774198-D6CA9D78-F642-4851-BC63-09CE64B4EBCD
Q63775001,Ri Kang-son,Q114593693,Minister of Consumer Goods Industry,2021-01-18,,,,Q63775001-41B42926-A898-4FBF-8BB4-828D8DB4A5E2
Q63775066,Ri Chol Jin,Q114595971,Chairman of the National Quality Management Commission,2014,,339,,Q63775066-9d9b97da-4855-68b2-2f51-0958760d4360
Q63776707,Yang Sung Ho,Q24863173,Vice-Premier,2020-04,,339,,Q63776707-e56de6ee-4583-445b-abb5-a0c7cf0304fe
Q63776950,Jang Ki Ho,Q114595955,Chairman of the National Censorship Committee,2019,,339,,Q63776950-e18263ad-426a-01eb-dbd9-a8dc7e1b079f
Q63777382,Jo Sok Ho,Q114595966,Chairman of the Capital Construction Commission,2014-04,,339,,Q63777382-e01bd1df-4c2a-0ca6-3203-a01f1f6adeab
Q63777865,Choe Kang,Q114595950,Chairman of the State Price Commission,2016-11,,339,,Q63777865-f0900621-4454-81c2-1c3c-a491a9071446
